{"cameraMode":{"drawMode":0,"name":"Shaded","section":"Shading Mode"},"sceneLighting":true,"audioPlay":false,"sceneViewState":{"m_AlwaysRefresh":false,"showFog":true,"showSkybox":true,"showFlares":true,"showImageEffects":true,"showParticleSystems":true,"showVisualEffectGraphs":true,"m_FxEnabled":true},"in2DMode":false,"pivot":{"x":9.787810325622559,"y":1.3541713953018189,"z":10.713836669921875},"rotation":{"x":0.08317635208368302,"y":-0.9155043959617615,"z":0.3029002547264099,"w":0.25163426995277407},"size":6.803511619567871,"orthographic":false}